{
  "experiment_name": "exp_008_lr_2e-4",
  "method": "rl",
  "accuracy": 0.537,
  "per_type_accuracy": {
    "shape": 0.7380952380952381,
    "color": 0.631578947368421,
    "count": 0.5795918367346938,
    "spatial": 0.20703125
  },
  "best_val_accuracy": 0.526,
  "elapsed_seconds": 998.7569057941437,
  "max_steps": 3000,
  "learning_rate": 0.0002,
  "batch_size": 64,
  "seed": 42
}