{
  "experiment_name": "exp_003_rl_baseline",
  "method": "rl",
  "accuracy": 0.317,
  "per_type_accuracy": {
    "shape": 0.3333333333333333,
    "color": 0.2591093117408907,
    "count": 0.5795918367346938,
    "spatial": 0.10546875
  },
  "best_val_accuracy": 0.32,
  "elapsed_seconds": 110.24452257156372,
  "max_steps": 500,
  "learning_rate": 0.0001,
  "batch_size": 32,
  "seed": 42
}