{
  "experiment_name": "exp_004_lr_1e-5",
  "method": "rl",
  "accuracy": 0.188,
  "per_type_accuracy": {
    "shape": 0.047619047619047616,
    "color": 0.10526315789473684,
    "count": 0.5795918367346938,
    "spatial": 0.03125
  },
  "best_val_accuracy": 0.24,
  "elapsed_seconds": 109.91726064682007,
  "max_steps": 500,
  "learning_rate": 1e-05,
  "batch_size": 32,
  "seed": 42
}