{
  "experiment_name": "exp_006_lr_5e-5",
  "method": "rl",
  "accuracy": 0.324,
  "per_type_accuracy": {
    "shape": 0.3333333333333333,
    "color": 0.30364372469635625,
    "count": 0.5795918367346938,
    "spatial": 0.08984375
  },
  "best_val_accuracy": 0.324,
  "elapsed_seconds": 110.54750037193298,
  "max_steps": 500,
  "learning_rate": 5e-05,
  "batch_size": 32,
  "seed": 42
}