{
  "experiment_name": "exp_032_qtype_no_spatial",
  "method": "rl",
  "accuracy": 0.619,
  "best_val_accuracy": 0.603,
  "per_type": {
    "shape": 0.75,
    "color": 0.6194331983805668,
    "count": 0.5795918367346938,
    "spatial": 0.52734375
  },
  "elapsed_seconds": 481.2500510215759,
  "model": "HighAccuracyVQA"
}